,id,conversation_id,created_at,date,time,timezone,user_id,username,name,place,tweet,mentions,urls,photos,replies_count,retweets_count,likes_count,hashtags,cashtags,link,retweet,quote_url,video,near,geo,source,user_rt_id,user_rt,retweet_id,reply_to,retweet_date,translate,trans_src,trans_dest
0,1291772506211139585,1291772506211139585,1596817540000,2020-08-07,23:25:40,SE Asia Standard Time,969569684,barbaradessy,ira_dessyproperty,,"rumah dalam komplek elite nan tenang dan bebas banjir di duren sawit jakarta timur.
__
luas tanah : 165m2 ( 10x16) 
luas bangunan : 250m2 
kamar tidur : 5 + 1
kamar mandi : 4 + 1
sertifikat : shm imb 
listrik berapaâ€¦  https://www.instagram.com/p/cdmd-_hhfeu/?igshid=1fkfs1vb9kz5Â â€¦",[],['https://www.instagram.com/p/CDmD-_HHfEu/?igshid=1fkfs1vb9kz5'],[],0,0,0,[],[],https://twitter.com/BarbaraDessy/status/1291772506211139585,False,,0,,,,,,,"[{'user_id': '969569684', 'username': 'BarbaraDessy'}]",,,,
1,1291769462564233223,1291753943014543361,1596816814000,2020-08-07,23:13:34,SE Asia Standard Time,1258031401439580161,choucolatei,chou,,ntar kalo jakarta banjir juga jadi jakarta swimming?!?,['_hlnbr'],[],[],0,0,0,[],[],https://twitter.com/choucolatei/status/1291769462564233223,False,,0,,,,,,,"[{'user_id': '1258031401439580161', 'username': 'choucolatei'}, {'user_id': '1048049818348605440', 'username': '_hlnbr'}]",,,,
2,1291762834385145857,1291605073634631681,1596815234000,2020-08-07,22:47:14,SE Asia Standard Time,3294367028,dolphino_14,Dolphino Gie,,"yoy. andai belanda gak keburu diusir, mungkin bendungan banjir jakarta sudah beres, jakarta jadi kayak belanda yang banyak kanal2 terhubung, bersih airnya, gak banjiran.",['mazzini_gsp'],[],[],1,0,0,[],[],https://twitter.com/dolphino_14/status/1291762834385145857,False,,0,,,,,,,"[{'user_id': '3294367028', 'username': 'dolphino_14'}, {'user_id': '1226038913707282433', 'username': 'mazzini_gsp'}]",,,,
3,1291761777038901248,1291761777038901248,1596814982000,2020-08-07,22:43:02,SE Asia Standard Time,1175327191858442240,rumaindocom,Rumaindocom,,"ğŸ dijual murah rumah non cluster di warung silah jagakarsa jakarta selatan

- lokasi strategis aman, tenang dan bebas banjir
- lokasi dekat ke rs. alisibro dan rs. andhika warung silah
- 5 menit ke tol brigif
- akses jalan 2 mobil

rumah 2 lantai

luas tanah 75 mÂ²  pic.twitter.com/osr6s7czqh",[],[],"['https://pbs.twimg.com/media/Ee1CddNU8AIMi7k.jpg', 'https://pbs.twimg.com/media/Ee1CeAOVAAAtwHa.jpg', 'https://pbs.twimg.com/media/Ee1CeolUEAAulkm.jpg', 'https://pbs.twimg.com/media/Ee1CfWMUMAE97s3.jpg']",1,0,0,[],[],https://twitter.com/Rumaindocom/status/1291761777038901248,False,,0,,,,,,,"[{'user_id': '1175327191858442240', 'username': 'Rumaindocom'}]",,,,
4,1291759637864177664,1291759637864177664,1596814472000,2020-08-07,22:34:32,SE Asia Standard Time,41730943,vivacoid,VIVAcoid,,"anies marah-marah, toa rp4 m tidak bisa cegah banjir jakarta  http://dlvr.it/rdbtmjÂ ",[],['http://dlvr.it/RdBtmJ'],[],83,37,150,[],[],https://twitter.com/VIVAcoid/status/1291759637864177664,False,,0,,,,,,,"[{'user_id': '41730943', 'username': 'VIVAcoid'}]",,,,
5,1291753217122959362,1291753217122959362,1596812941000,2020-08-07,22:09:01,SE Asia Standard Time,68930552,mediaindonesia,Media Indonesia,,"kabupaten bogor jawa barat mulai melakukan pembatasan dalam melakukan pengembangan kawasan industri, demi meminimalisir banjir di dki jakarta
 https://mediaindonesia.com/read/detail/334834-atasi-banjir-kabupaten-bogor-batasi-pengembangan-lahan-industriÂ â€¦",[],['https://mediaindonesia.com/read/detail/334834-atasi-banjir-kabupaten-bogor-batasi-pengembangan-lahan-industri'],[],0,2,1,[],[],https://twitter.com/mediaindonesia/status/1291753217122959362,False,,0,,,,,,,"[{'user_id': '68930552', 'username': 'mediaindonesia'}]",,,,
6,1291746076936900614,1291711210207891456,1596811238000,2020-08-07,21:40:38,SE Asia Standard Time,719557340144402432,red1n1earth,Raden Rangga 24h/7days,,besok baru sadar kalo monas gundul... besok baru sadar lagi kalo jakarta banjir dimana2... besoknya sadar lagi kalo demo2 bisa bikinckuster baru corona.... hadeehhhh koq ya tell me sih... ga malu,"['dennysiregar7', 'dkijakarta']",[],[],0,0,2,[],[],https://twitter.com/red1n1earth/status/1291746076936900614,False,,0,,,,,,,"[{'user_id': '719557340144402432', 'username': 'red1n1earth'}, {'user_id': '4780649298', 'username': 'Dennysiregar7'}, {'user_id': '166014938', 'username': 'DKIJakarta'}]",,,,
7,1291739798193836033,1291739706841944069,1596809741000,2020-08-07,21:15:41,SE Asia Standard Time,1202553609423949830,irgsyhs,SADBOI SAMPE ROH!,,"jakarta kena banjir
njir",['fathervee'],[],[],0,0,0,[],[],https://twitter.com/Irgsyhs/status/1291739798193836033,False,,0,,,,,,,"[{'user_id': '1202553609423949830', 'username': 'Irgsyhs'}, {'user_id': '1221849376768704512', 'username': 'fathervee'}]",,,,
8,1291738048196091904,1291738048196091904,1596809324000,2020-08-07,21:08:44,SE Asia Standard Time,946018272276656128,ttheomanalu,Theo Manalu,,"tidak ada hujan tidak ada banjir.
tiba2 toa tidak efektif menghalau banjir.
toa tidak bisa diajak berdiskusi, bicara. artinya toa lebih pinter dari wan abud.

ini cuma jurus ngeles pengalihan isu ekonomi jakarta yg terkontraksi 8,26% terendah secara nasional & kota di indonesia.  pic.twitter.com/0pvwajq1zw",[],[],['https://pbs.twimg.com/media/Ee0s5QoUwAA6Plg.jpg'],2,2,7,[],[],https://twitter.com/ttheomanalu/status/1291738048196091904,False,,0,,,,,,,"[{'user_id': '946018272276656128', 'username': 'ttheomanalu'}]",,,,
9,1291731807084220417,1291731807084220417,1596807836000,2020-08-07,20:43:56,SE Asia Standard Time,1160059337986826240,bilqisnamalia,Bilqis Nur Amalia,,"lagi merasa hancur banget hari ini, banyak merenung soal apa yang terjadi di tahun ini.. banjir di jakarta, padalarang, isu perang dunia ketiga amerika iran, covid 19, banjir masamba luwu utara, ledakan libanon, nasib saudara saudara di palestina juga ğŸ˜­

sedih, hancur parah hati",[],[],[],1,0,1,[],[],https://twitter.com/bilqisnamalia/status/1291731807084220417,False,,0,,,,,,,"[{'user_id': '1160059337986826240', 'username': 'bilqisnamalia'}]",,,,
10,1291728426785624064,1291674535247245314,1596807030000,2020-08-07,20:30:30,SE Asia Standard Time,1270363856972345345,rondiyan1,Driver muda,,"anies udah amnesia, tante dulu waktu banjir anak buahnya suruh teriak2 ngasih tau warga pake toa, tante sekarang bilang suruh pake wa. gubernur jakarta memang pekok",['ngkongroses'],[],[],0,0,2,[],[],https://twitter.com/rondiyan1/status/1291728426785624064,False,,0,,,,,,,"[{'user_id': '1270363856972345345', 'username': 'rondiyan1'}, {'user_id': '2650421658', 'username': 'NgkongRoses'}]",,,,
11,1291723432451743751,1291723432451743751,1596805840000,2020-08-07,20:10:40,SE Asia Standard Time,839324889395806208,rumaindo_com,Rumaindo_com,,"dijual murah rumah non cluster di warung silah jagakarsa jakarta selatan

- lokasi strategis aman, tenang dan bebas banjir
- lokasi dekat ke rs. alisibro dan rs. andhika warung silah
- 5 menit ke tol brigif
- aksesâ€¦  https://www.instagram.com/p/cdltqqwhqr9/?igshid=1m8ti4a90l9ohÂ â€¦",[],['https://www.instagram.com/p/CDltqqWHQR9/?igshid=1m8ti4a90l9oh'],[],0,0,0,[],[],https://twitter.com/rumaindo_com/status/1291723432451743751,False,,0,,,,,,,"[{'user_id': '839324889395806208', 'username': 'rumaindo_com'}]",,,,
12,1291721504485289984,1291721504485289984,1596805380000,2020-08-07,20:03:00,SE Asia Standard Time,84221579,narkosun,IG: narkosun,,"gabernerÂ geram jajarannya memilihÂ toa sebagai alat untuk memberi peringatan dini banjir di jakarta. dia menilai woro-woro menggunakan caraÂ itu tidak efektif.

sama saya juga geram lihat antum. dulu yg konpers untuk menggunakan toa, siapa? lupa ingatan?
  https://m.liputan6.com/news/read/4325386/anies-baswedan-geram-soal-toa-banjir-rp-4-m-ini-toa-this-is-not-a-systemÂ â€¦",[],['https://m.liputan6.com/news/read/4325386/anies-baswedan-geram-soal-toa-banjir-rp-4-m-ini-toa-this-is-not-a-system'],[],13,16,70,[],[],https://twitter.com/narkosun/status/1291721504485289984,False,,0,,,,,,,"[{'user_id': '84221579', 'username': 'narkosun'}]",,,,
13,1291716307717509120,1291711210207891456,1596804141000,2020-08-07,19:42:21,SE Asia Standard Time,1273520340480585733,bukanllalisa,ğŸ‘‘,,"toa banjir 4 m ğŸ¤£ buat apa teriak2 banjir banjir banjir,orang jakarta juga tw banjir itu air yang naik ke permukaan bukan air yang masuk ke dalam tanah ğŸ¤­","['dennysiregar7', 'dkijakarta']",[],[],1,0,0,[],[],https://twitter.com/bukanllalisa/status/1291716307717509120,False,,0,,,,,,,"[{'user_id': '1273520340480585733', 'username': 'bukanllalisa'}, {'user_id': '4780649298', 'username': 'Dennysiregar7'}, {'user_id': '166014938', 'username': 'DKIJakarta'}]",,,,
14,1291709513339301890,1291709513339301890,1596802521000,2020-08-07,19:15:21,SE Asia Standard Time,1212387847287631872,grossofx_,Grosso FX,,"gubernur dki jakarta anies baswedan mengkritik penggunaan toa sebagai bagian dari sistem peringatan dini atau early warning system (ews) terhadap banjir di jakarta.

lemesss juuummm ğŸ¤£ğŸ¤£  https://amp.kompas.com/megapolitan/read/2020/08/07/15323141/dulu-gunakan-toa-untuk-peringatan-dini-banjir-anies-kenapa-kita-pakai?__twitter_impression=trueÂ â€¦",[],['https://amp.kompas.com/megapolitan/read/2020/08/07/15323141/dulu-gunakan-toa-untuk-peringatan-dini-banjir-anies-kenapa-kita-pakai?__twitter_impression=true'],[],0,0,1,[],[],https://twitter.com/grossofx_/status/1291709513339301890,False,,0,,,,,,,"[{'user_id': '1212387847287631872', 'username': 'grossofx_'}]",,,,
15,1291706831522295814,1291701772625403904,1596801882000,2020-08-07,19:04:42,SE Asia Standard Time,1030074884745977857,mr_zrick,mr.zrick,,"kucurkan 4 miliar untuk beli 6 pengeras suara, pemprov dki jakarta sebut toa canggih bisa antisipasi banjir, begini kata gubernur anies baswedan  https://hot.grid.id/read/181989478/kucurkan-4-miliar-untuk-beli-6-pengeras-suara-pemprov-dki-jakarta-sebut-toa-canggih-bisa-antisipasi-banjir-begini-kata-gubernur-anies-baswedanÂ â€¦","['dioyudha2', 'txtdrpemerintah']",['https://hot.grid.id/read/181989478/kucurkan-4-miliar-untuk-beli-6-pengeras-suara-pemprov-dki-jakarta-sebut-toa-canggih-bisa-antisipasi-banjir-begini-kata-gubernur-anies-baswedan'],[],0,0,0,[],[],https://twitter.com/mr_zrick/status/1291706831522295814,False,,0,,,,,,,"[{'user_id': '1030074884745977857', 'username': 'mr_zrick'}, {'user_id': '1160240225336975360', 'username': 'dioyudha2'}, {'user_id': '1231495733523566592', 'username': 'txtdrpemerintah'}]",,,,
16,1291702881335128065,1291702881335128065,1596800940000,2020-08-07,18:49:00,SE Asia Standard Time,2714869507,newsmerahputih,newsmerahputih,,"dinas sumber daya air (sda) dki jakarta menjelaskan sejumlah program pengendalian banjir dari uang usulan pinjaman ke pemerintah pusat sebesar rp 5,2 triliun #merahputihcom #sda #jakarta  https://merahputih.com/post/read/sederet-program-penanganan-banjir-dari-uang-pinjaman-pemerintah-pusat-rp-5-2-triliunÂ â€¦",[],['https://merahputih.com/post/read/sederet-program-penanganan-banjir-dari-uang-pinjaman-pemerintah-pusat-rp-5-2-triliun'],[],0,0,0,"['#merahputihcom', '#sda', '#jakarta']",[],https://twitter.com/newsmerahputih/status/1291702881335128065,False,,0,,,,,,,"[{'user_id': '2714869507', 'username': 'newsmerahputih'}]",,,,
17,1291698226001637376,1291698226001637376,1596799830000,2020-08-07,18:30:30,SE Asia Standard Time,23343960,kompascom,Kompas.com,,gubernur dki jakarta anies baswedan mengkritik penggunaan toa sebagai bagian dari sistem peringatan dini atau early warning system (ews) terhadap banjir di jakarta | #megapolitan https://megapolitan.kompas.com/read/2020/08/07/15323141/dulu-gunakan-toa-untuk-peringatan-dini-banjir-anies-kenapa-kita-pakaiÂ â€¦,[],['https://megapolitan.kompas.com/read/2020/08/07/15323141/dulu-gunakan-toa-untuk-peringatan-dini-banjir-anies-kenapa-kita-pakai'],[],177,53,168,['#megapolitan'],[],https://twitter.com/kompascom/status/1291698226001637376,False,,0,,,,,,,"[{'user_id': '23343960', 'username': 'kompascom'}]",,,,
18,1291693819012866049,1291693819012866049,1596798779000,2020-08-07,18:12:59,SE Asia Standard Time,512778222,harudonghae86,Erlita,,korea ternyata bisa banjir ya ngalahin jakarta aja huhuhuhu,[],[],[],0,0,0,[],[],https://twitter.com/HaruDonghae86/status/1291693819012866049,False,,0,,,,,,,"[{'user_id': '512778222', 'username': 'HaruDonghae86'}]",,,,
19,1291687807316971520,1291578992936366081,1596797346000,2020-08-07,17:49:06,SE Asia Standard Time,1286514865343885312,rastama92686386,Rasta man,,"jakarta banjir lo nyalahin anies,skg soal covid di jkt nyalahin anies...tolol emang jkt doang yg kna dampak covid....benci boleh aja tapi klo goblok jgn kasian turunan nye pd ikut goblok ğŸ¤ª",['avatarpemburu'],[],[],1,0,0,[],[],https://twitter.com/Rastama92686386/status/1291687807316971520,False,,0,,,,,,,"[{'user_id': '1286514865343885312', 'username': 'Rastama92686386'}, {'user_id': '1150809206036938752', 'username': 'AvatarPemburu'}]",,,,
20,1291674075278934017,1291674075278934017,1596794072000,2020-08-07,16:54:32,SE Asia Standard Time,456426648,merdekadotcom,Merdeka.com,,anies kritik penggunaan toa sebagai peringatan dini banjir jakarta: badan penanggulangan bencana daerah (bpbd) dki jakarta menjelaskan anggaran rp4 miliar pada 2020 untuk pengadaan enam set alat sistem peringatan dini digital atau digital warning systemâ€¦  http://dlvr.it/rd9mzcÂ ,[],['http://dlvr.it/Rd9mZc'],[],0,0,0,[],[],https://twitter.com/merdekadotcom/status/1291674075278934017,False,,0,,,,,,,"[{'user_id': '456426648', 'username': 'merdekadotcom'}]",,,,
21,1291655025278636032,1291655025278636032,1596789530000,2020-08-07,15:38:50,SE Asia Standard Time,1276794185425670144,anaklolina2,August,,"pinjaman uang yg di lakukan dki harusnya utk membantu masyarakat yg terdampak pandemi, membuat tempat tidur tambahan utk pasien covid19.

bukan buat sarana olahraga & atasi banjir yg bukan saatnya,. jika terjadi resesi maka jakarta penyebabnya.  https://m.bisnis.com/jakarta/read/20200806/77/1275792/gawat-jakarta-krisis-tempat-tidur-untuk-pasien-coronaÂ â€¦",[],['https://m.bisnis.com/jakarta/read/20200806/77/1275792/gawat-jakarta-krisis-tempat-tidur-untuk-pasien-corona'],[],2,33,46,[],[],https://twitter.com/AnakLolina2/status/1291655025278636032,False,,0,,,,,,,"[{'user_id': '1276794185425670144', 'username': 'AnakLolina2'}]",,,,
22,1291654449392316416,1291620434593505280,1596789393000,2020-08-07,15:36:33,SE Asia Standard Time,1065200215420878848,tomsb32,toms,,lalu setelah ada alat ukur hujan jakarta kagak banjir lagi gitu niss!!? @aniesbaswedan enak bener yak loe pake duit rakyat suka suka elo!!,"['zhu_dave', 'aniesbaswedan']",[],[],0,0,1,[],[],https://twitter.com/Tomsb32/status/1291654449392316416,False,,0,,,,,,,"[{'user_id': '1065200215420878848', 'username': 'Tomsb32'}, {'user_id': '1124080886', 'username': 'zhu_dave'}, {'user_id': '110312278', 'username': 'aniesbaswedan'}]",,,,
23,1291652275190943746,1291592098408361984,1596788874000,2020-08-07,15:27:54,SE Asia Standard Time,2549357702,sabar_setiabudi,sabar setiabudi,,"sengaja membiarkan banjir dan corona untuk supaya jakarta kacau dan menjatuhkan presiden
karena lewat demo demo gak berhasil menjatuhkan",['rizmaya__'],[],[],0,0,0,[],[],https://twitter.com/sabar_setiabudi/status/1291652275190943746,False,,0,,,,,,,"[{'user_id': '2549357702', 'username': 'sabar_setiabudi'}, {'user_id': '382522068', 'username': 'Rizmaya__'}]",,,,
24,1291651353819807745,1291615374803271681,1596788655000,2020-08-07,15:24:15,SE Asia Standard Time,2549357702,sabar_setiabudi,sabar setiabudi,,memang sengaja membiarkan banjir dan corona untuk supaya jakarta kacau dan menjatuhkan presiden,['rizmaya__'],[],[],19,0,2,[],[],https://twitter.com/sabar_setiabudi/status/1291651353819807745,False,,0,,,,,,,"[{'user_id': '2549357702', 'username': 'sabar_setiabudi'}, {'user_id': '382522068', 'username': 'Rizmaya__'}]",,,,
25,1291645069603278850,1291645069603278850,1596787156000,2020-08-07,14:59:16,SE Asia Standard Time,703568824394600448,dkl_jakarta,Beteng Santoso,,"#waspada banjir jakarta: p.a. marina ancol tinggi air 223 cm status siaga 2, update 6 agustus 2020 21:50 wib -  http://tirto.idÂ  #dkijakarta",[],['http://tirto.id'],[],0,0,0,"['#waspada', '#dkijakarta']",[],https://twitter.com/DKl_Jakarta/status/1291645069603278850,False,,0,,,,,,,"[{'user_id': '703568824394600448', 'username': 'DKl_Jakarta'}]",,,,
26,1291594691792662528,1291594691792662528,1596775145000,2020-08-07,11:39:05,SE Asia Standard Time,1107903118681899008,ngantukpars,tidur seharian,,"2020 ini kenapa yaa, mulai dari isu perang dunia ke 3, kebakaran hutan di australia, banjir jakarta, virus corona, konflik laut natuna, sampe yang baru banjir di masamba, seolah olah dunia mau memusnahkan manusia, apa sebentar lagi waktunya?",[],[],[],1,0,0,[],[],https://twitter.com/ngantukpars/status/1291594691792662528,False,,0,,,,,,,"[{'user_id': '1107903118681899008', 'username': 'ngantukpars'}]",,,,
27,1291582865973501953,1291582865973501953,1596772326000,2020-08-07,10:52:06,SE Asia Standard Time,74478241,kemalarsjad,kemal.arsjad,,"suruh pindah singapore aja. jadi wn sana, singapore dikirim air kencing se jakarta juga banjir. 

singapore hidup dari kebodohan orang-orang indonesia yg kagum akan kelicikan singapore.  https://twitter.com/fsenewe/status/1291580882197733378Â â€¦",[],['https://twitter.com/fsenewe/status/1291580882197733378'],[],0,3,4,[],[],https://twitter.com/kemalarsjad/status/1291582865973501953,False,https://twitter.com/fsenewe/status/1291580882197733378,0,,,,,,,"[{'user_id': '74478241', 'username': 'kemalarsjad'}]",,,,
28,1291580753973665792,1291580753973665792,1596771822000,2020-08-07,10:43:42,SE Asia Standard Time,1278705870310985729,yesimalghi,a...l...g...h...i,,"mungkin kondisi korea skrg kaya jakarta dibulan januari, ujan deres lalu banjir",[],[],[],0,0,0,[],[],https://twitter.com/yesimalghi/status/1291580753973665792,False,,0,,,,,,,"[{'user_id': '1278705870310985729', 'username': 'yesimalghi'}]",,,,
29,1291579119440769025,1291579119440769025,1596771433000,2020-08-07,10:37:13,SE Asia Standard Time,778116237276610561,oldnewsviral,Old News,,"tangani banjir, dinas sda dki jakarta ajukan anggaran rp5,2 t  https://poskota.co.id/2020/8/7/tangani-banjir-dinas-sda-dki-jakarta-ajukan-anggaran-rp52-tÂ â€¦ pic.twitter.com/1nzmduebmj",[],['https://poskota.co.id/2020/8/7/tangani-banjir-dinas-sda-dki-jakarta-ajukan-anggaran-rp52-t'],[],0,0,0,[],[],https://twitter.com/oldnewsviral/status/1291579119440769025,False,,1,,,,,,,"[{'user_id': '778116237276610561', 'username': 'oldnewsviral'}]",,,,
30,1291563860013588481,1291563860013588481,1596767794000,2020-08-07,09:36:34,SE Asia Standard Time,802115585236553729,fadhillahjofi,Ivan Fadhillah Jovi Official,,"pemprov dki akan pakai dana pinjaman rp 5,2 triliun untuk penanganan banjir
jakarta,  http://kompas.comÂ  -Â pemerintah provinsi dki jakarta bakal menggunakan anggaran rp 5,2 triliun dari total rp 12,5 triliun dana pinjamanâ€¦  https://www.instagram.com/p/cdkjzgjlbpw/?igshid=1pys0z0mt4ir0Â â€¦",[],"['http://KOMPAS.com', 'https://www.instagram.com/p/CDkjzGjlBPw/?igshid=1pys0z0mt4ir0']",[],0,0,0,[],[],https://twitter.com/FadhillahJofi/status/1291563860013588481,False,,0,,,,,,,"[{'user_id': '802115585236553729', 'username': 'FadhillahJofi'}]",,,,
31,1291559071498158080,1291274242877583361,1596766653000,2020-08-07,09:17:33,SE Asia Standard Time,1176031467614244864,adi_rosad,R.Rosad,,"salut dinas sda, smg jakarta bisa mengurangi banjir","['dinassdajakarta', 'aniesbaswedan', 'bangariza', 'dkijakarta', 'bpbdjakarta', 'beritajakarta']",[],[],1,0,0,[],[],https://twitter.com/adi_rosad/status/1291559071498158080,False,,0,,,,,,,"[{'user_id': '1176031467614244864', 'username': 'adi_rosad'}, {'user_id': '2967790440', 'username': 'DinasSDAJakarta'}, {'user_id': '110312278', 'username': 'aniesbaswedan'}, {'user_id': '1249976598184333313', 'username': 'BangAriza'}, {'user_id': '166014938', 'username': 'DKIJakarta'}, {'user_id': '460021303', 'username': 'BPBDJakarta'}, {'user_id': '213204035', 'username': 'BeritaJakarta'}]",,,,
32,1291547745338056711,1291547745338056711,1596763952000,2020-08-07,08:32:32,SE Asia Standard Time,3711470718,riantisilvi,Silvia â€” ğŸ‡®ğŸ‡© in ğŸ‡¸ğŸ‡¬,,"sebenernya kan kita udah doomed sejak 1 januari 2020, jakarta banjir gede ğŸ˜‚",[],[],[],0,1,1,[],[],https://twitter.com/riantisilvi/status/1291547745338056711,False,,0,,,,,,,"[{'user_id': '3711470718', 'username': 'riantisilvi'}]",,,,
33,1291537799825375234,1291537799825375234,1596761581000,2020-08-07,07:53:01,SE Asia Standard Time,1251441531161948161,yudi81415115,Yudiarissetiawan,,"dijual cepat rumah diciracas jakarta timur
lokasi strategis
bebas banjir
legalitas ajb
rumah 2 lantai
harga 750 jt nego
minat japri ya..
yudi
0895 0628 9635 tlp/wa  pic.twitter.com/w0dksioyvw",[],[],['https://pbs.twimg.com/media/Eex2wxqUEAAwUX5.jpg'],0,0,0,[],[],https://twitter.com/Yudi81415115/status/1291537799825375234,False,,0,,,,,,,"[{'user_id': '1251441531161948161', 'username': 'Yudi81415115'}]",,,,
34,1291534827154333696,1291362503239151616,1596760873000,2020-08-07,07:41:13,SE Asia Standard Time,1233591965079371777,tittydeejay,GBF blueprint,,lo tau kan batavia dulu sering banget banget banjir? tata kota batavia yg dibuat sama belanda tuh sama sekali ga bagus dan udah terlanjur jadi pondasi kota jakarta. penataan kota batavia berpengaruh besar kenapa jakarta masih banjir sekarang,"['sunudara', 'lesbianhoejabi']",[],[],2,0,0,[],[],https://twitter.com/tittydeejay/status/1291534827154333696,False,,0,,,,,,,"[{'user_id': '1233591965079371777', 'username': 'tittydeejay'}, {'user_id': '289732477', 'username': 'sunudara'}, {'user_id': '1154541698417975296', 'username': 'lesbianhoejabi'}]",,,,
35,1291522709130579968,1291161112302571526,1596757983000,2020-08-07,06:53:03,SE Asia Standard Time,1158178388231639040,sav_riz,Rizky,,"awal tahun ini, banjir jakarta paling parah. lu mana tahu rasanya, kan enggak tinggal di sanağŸ˜‚ğŸ˜ƒ","['raif_mudzaki', 'iqbalkartawija1', 'onecak']",[],[],1,0,0,[],[],https://twitter.com/Sav_riz/status/1291522709130579968,False,,0,,,,,,,"[{'user_id': '1158178388231639040', 'username': 'Sav_riz'}, {'user_id': '949208297399205888', 'username': 'Raif_mudzaki'}, {'user_id': '1087013050941505537', 'username': 'IqbalKartawija1'}, {'user_id': '491057617', 'username': 'onecak'}]",,,,
36,1291435472544100353,1291435472544100353,1596737185000,2020-08-07,01:06:25,SE Asia Standard Time,880419778401153024,czein_,Citra Zein,,kaya gini di jakarta bad news alias dalam 5 jam akan banjir  https://twitter.com/leariellesimone/status/1290704394040807425Â â€¦,[],['https://twitter.com/LeArielleSimone/status/1290704394040807425'],[],0,0,1,[],[],https://twitter.com/czein_/status/1291435472544100353,False,https://twitter.com/LeArielleSimone/status/1290704394040807425,0,,,,,,,"[{'user_id': '880419778401153024', 'username': 'czein_'}]",,,,
37,1291421789466189826,1291421789466189826,1596733922000,2020-08-07,00:12:02,SE Asia Standard Time,456426648,merdekadotcom,Merdeka.com,,hujan serta angin kencang diprediksi guyur jakarta pada 7-8 agustus: ia juga mengimbau seluruh perangkat desa seperti camat dan lurah menyiagakan ppsu dan satgas banjir sebagai antisipasi banjir.  http://dlvr.it/rd7tptÂ ,[],['http://dlvr.it/Rd7Tpt'],[],0,0,2,[],[],https://twitter.com/merdekadotcom/status/1291421789466189826,False,,0,,,,,,,"[{'user_id': '456426648', 'username': 'merdekadotcom'}]",,,,
38,1291405668642037761,1291405668642037761,1596730079000,2020-08-06,23:07:59,SE Asia Standard Time,3189327655,demokrasicoid,DEMOKRASI News,,"dinas sda usulkan anggaran rp 5,2 triliun untuk pencegahan banjir jakarta - follow @demokrasicoid https://www.demokrasi.co.id/2020/08/dinas-sda-usulkan-anggaran-rp-52.htmlÂ â€¦",['demokrasicoid'],['https://www.demokrasi.co.id/2020/08/dinas-sda-usulkan-anggaran-rp-52.html'],[],0,0,0,[],[],https://twitter.com/demokrasicoid/status/1291405668642037761,False,,0,,,,,,,"[{'user_id': '3189327655', 'username': 'demokrasicoid'}]",,,,
39,1291400262398033920,1206888871004270593,1596728790000,2020-08-06,22:46:30,SE Asia Standard Time,1285165523907403777,sagulung3,Sagulung,,jakarta tidak akan banjir klo si nganu jadi presiden ğŸ¤£,['pppanggah'],[],[],0,0,0,[],[],https://twitter.com/Sagulung3/status/1291400262398033920,False,,0,,,,,,,"[{'user_id': '1285165523907403777', 'username': 'Sagulung3'}, {'user_id': '1190624257417437185', 'username': 'PpPanggah'}]",,,,
40,1291399257233055744,1291399257233055744,1596728550000,2020-08-06,22:42:30,SE Asia Standard Time,1107248688391286784,basmikadrun,Pemburu Kadrun PKI (Pengusung Khilafah Indonesia),,"warga dki mulailah waspada potensi hujan angin akan segera datang. tapi jangan khawatir, sungai2 dan got2 sudah dikeruk dan hasil kerukan dibuang kepantai ancol untuk perluasan daratan, so jangan santai aja soal banjir, jakarta sudah bebas banjir kok. dah itu aj.. ğŸ™  https://twitter.com/cnnindonesia/status/1291397450276597763Â â€¦",[],['https://twitter.com/CNNIndonesia/status/1291397450276597763'],[],0,0,0,[],[],https://twitter.com/BasmiKadrun/status/1291399257233055744,False,https://twitter.com/CNNIndonesia/status/1291397450276597763,0,,,,,,,"[{'user_id': '1107248688391286784', 'username': 'BasmiKadrun'}]",,,,
41,1291396693036953601,1291396693036953601,1596727939000,2020-08-06,22:32:19,SE Asia Standard Time,1147078543605522434,noersyeha,akhmad,,"tangani banjir, penataan ruang jabodetabek-punjur dilakukan | republika online
 https://republika.co.id/share/qemerx330Â 
#jabodetabekpunjur #tataruang #mutualan #jakbar #jakarta #menteri #dkijakarta #bekasi",[],['https://republika.co.id/share/qemerx330'],[],0,0,0,"['#jabodetabekpunjur', '#tataruang', '#mutualan', '#jakbar', '#jakarta', '#menteri', '#dkijakarta', '#bekasi']",[],https://twitter.com/noersyeha/status/1291396693036953601,False,,0,,,,,,,"[{'user_id': '1147078543605522434', 'username': 'noersyeha'}]",,,,
42,1291395257410523136,1291089278496202752,1596727596000,2020-08-06,22:26:36,SE Asia Standard Time,1289976242205155329,alvitoxic,alvito malik,,"nangis mulu, bapak anies bingung jakarta banjir tangisan lu",['arkanrafasya'],[],[],1,0,0,[],[],https://twitter.com/alvitoxic/status/1291395257410523136,False,,0,,,,,,,"[{'user_id': '1289976242205155329', 'username': 'alvitoxic'}, {'user_id': '1224629703362764800', 'username': 'Arkanrafasya'}]",,,,
43,1291374964566667266,1291374964566667266,1596722758000,2020-08-06,21:05:58,SE Asia Standard Time,2415369318,kanwilbpndkijkt,Kanwil BPN DKI Jakarta,,"#repost @atr_bpn menteri atr/bpn didampingi direktur jenderal pengendalian dan penertiban tanah dan ruang serta direktur sungai dan pantai direktorat sda kementerian pupr melakukan pemasangan plang peringatan banjir di kelurahan tegal alur, jakarta barat, rabu (05/08/2020)  pic.twitter.com/eptquvnpgt",['atr_bpn'],[],"['https://pbs.twimg.com/media/EevirG3UwAAigM-.jpg', 'https://pbs.twimg.com/media/EevirG5UEAAfRWH.jpg', 'https://pbs.twimg.com/media/EevirG2U0AIAJK3.jpg', 'https://pbs.twimg.com/media/EevirG4UEAA-I8X.jpg']",0,1,6,['#repost'],[],https://twitter.com/KanwilBPNDKIJkt/status/1291374964566667266,False,,0,,,,,,,"[{'user_id': '2415369318', 'username': 'KanwilBPNDKIJkt'}, {'user_id': '2884911432', 'username': 'atr_bpn'}]",,,,
44,1291371031114940416,1291371031114940416,1596721820000,2020-08-06,20:50:20,SE Asia Standard Time,1243431151961649152,kamalkelurahan,Kelurahan Kamal,,"dalam rangka peresmian plang peringatan banjir dan dialog melalui video confrence bersama mentri atr/kepala bpn. 

mentri pupr dan gubernur dki jakarta kelurahan bersama aparatur wilayah mengikuti kegiatan tersebutâ€¦  https://www.instagram.com/p/cdjnaomlaxg/?igshid=1k6sfsjimbgi5Â â€¦",[],['https://www.instagram.com/p/CDjNaoMlaXG/?igshid=1k6sfsjimbgi5'],[],0,0,0,[],[],https://twitter.com/KamalKelurahan/status/1291371031114940416,False,,0,,,,,,,"[{'user_id': '1243431151961649152', 'username': 'KamalKelurahan'}]",,,,
45,1291369986800271360,1290829356126728192,1596721572000,2020-08-06,20:46:12,SE Asia Standard Time,925073322106224642,sobran_holid,Subran kholid,,kalau bisa diaudin ngak ya ? atau lagi mulai masuk corona buka parawisata. itu apa namanya? heboh lagi kalau jadi presiden jakarta bebas banjir itu hoax atau apa ya ?  pic.twitter.com/kl0qb03aph,['muannas_alaidid'],[],['https://pbs.twimg.com/media/EeveJ3wVAAEO9LK.jpg'],0,0,0,[],[],https://twitter.com/sobran_holid/status/1291369986800271360,False,,0,,,,,,,"[{'user_id': '925073322106224642', 'username': 'sobran_holid'}, {'user_id': '1415953428', 'username': 'muannas_alaidid'}]",,,,
46,1291367963736465408,1291367963736465408,1596721089000,2020-08-06,20:38:09,SE Asia Standard Time,712276389286686721,rakyatmerdeka99,Rakyat Merdeka,,"cegah banjir, kali sunter dikeruk

petugas dinas sumber daya air (sda) dki jakarta melakukan pengerukan endapan lumpur di kali sunter, jakarta, kamis (6/8). dinas sda mengajukan anggaran rp5 triliun ke pemrov dkiâ€¦  https://www.instagram.com/p/cdjmbhhjb4_/?igshid=11yuv9rzs2r5dÂ â€¦",[],['https://www.instagram.com/p/CDjMBHhjB4_/?igshid=11yuv9rzs2r5d'],[],0,0,0,[],[],https://twitter.com/RakyatMerdeka99/status/1291367963736465408,False,,0,,,,,,,"[{'user_id': '712276389286686721', 'username': 'RakyatMerdeka99'}]",,,,
47,1291366714454626304,1291366714454626304,1596720791000,2020-08-06,20:33:11,SE Asia Standard Time,1175327191858442240,rumaindocom,Rumaindocom,,"ğŸ dijual murah rumah baru di cluster dekat stasiun lenteng agung jagakarsa jakarta selatan

- one gate system
- security 24 jam
- aman, tenang dan bebas banjir
- unit progress pembangunan 90%
tgl 6 agustus 2020

rumah 2 lantai

luas tanah 66 m2
luas bangunan 100 m2

3 kamar tidur  pic.twitter.com/x2wlw0eepk",[],[],"['https://pbs.twimg.com/media/EevbKQ1VAAEpR7D.jpg', 'https://pbs.twimg.com/media/EevbKqLU4AAtv4q.jpg', 'https://pbs.twimg.com/media/EevbLCkVoAEFSSL.jpg', 'https://pbs.twimg.com/media/EevbLctUEAAj1JD.jpg']",1,0,0,[],[],https://twitter.com/Rumaindocom/status/1291366714454626304,False,,0,,,,,,,"[{'user_id': '1175327191858442240', 'username': 'Rumaindocom'}]",,,,
48,1291366295552704512,1291366295552704512,1596720691000,2020-08-06,20:31:31,SE Asia Standard Time,1175327191858442240,rumaindocom,Rumaindocom,,"ğŸ dijual murah rumah baru siap huni di cluster kecapi jagakarsa jakarta selatan

- one gate system
- lingkungan tenang, nyaman dan aman bebas banjir
- akses jalan bisa 2 mobil
- hanya 5 unit
tersedia unit indent
- indent -+ 4 bulan
- bisa request layout dan design

rumah 2 lantai  pic.twitter.com/wxfzhf0jbw",[],[],"['https://pbs.twimg.com/media/EevayW6U8AENcfT.jpg', 'https://pbs.twimg.com/media/EevayvaUEAE6sii.jpg', 'https://pbs.twimg.com/media/EevazCGU0AAZ3yg.jpg', 'https://pbs.twimg.com/media/EevazRyUcAABkrF.jpg']",1,0,0,[],[],https://twitter.com/Rumaindocom/status/1291366295552704512,False,,0,,,,,,,"[{'user_id': '1175327191858442240', 'username': 'Rumaindocom'}]",,,,
49,1291365661394886656,1291365661394886656,1596720540000,2020-08-06,20:29:00,SE Asia Standard Time,1175327191858442240,rumaindocom,Rumaindocom,,"ğŸ›£ï¸dijual murah tanah kavling cluster di jln persahabatan jagakarsa jakarta selatan

selling point :

- one gate system
- lokasi aman, tenang dan bebas banjir
- akses jalan 2 mobil
- row jalan 5 meter dalam cluster

1. kav a1

luas tanah 92 m2
lebar x panjang ( 8 x 11,5 )  pic.twitter.com/eelmztubg2",[],[],"['https://pbs.twimg.com/media/EevaM0OVAAA5CQA.jpg', 'https://pbs.twimg.com/media/EevaNhhVoAA9eeu.jpg', 'https://pbs.twimg.com/media/EevaOBSU4AME-qg.jpg', 'https://pbs.twimg.com/media/EevaOW3VoAESTKZ.jpg']",1,0,0,[],[],https://twitter.com/Rumaindocom/status/1291365661394886656,False,,0,,,,,,,"[{'user_id': '1175327191858442240', 'username': 'Rumaindocom'}]",,,,
50,1291362725780742144,1291362725780742144,1596719840000,2020-08-06,20:17:20,SE Asia Standard Time,758499693919952897,sugihartono_pro,sugihartono properti,,"rumah 2 lantai lubang buaya harga covid hanya 1,4m 
lt 98m2
lb 130m2
kt 3
km 2
2200 watt
akses 2 mobil 
bebas banjir 
____________________

dekat ke rs haji jakarta 
dekat tamini square , mall pondok gede
dekatâ€¦  https://www.instagram.com/p/cdjjowfbyed/?igshid=1476x3r1zs01sÂ â€¦",[],['https://www.instagram.com/p/CDjJowfBYed/?igshid=1476x3r1zs01s'],[],0,0,0,[],[],https://twitter.com/sugihartono_pro/status/1291362725780742144,False,,0,,,,,,,"[{'user_id': '758499693919952897', 'username': 'sugihartono_pro'}]",,,,
51,1291362156596924416,1291362156596924416,1596719705000,2020-08-06,20:15:05,SE Asia Standard Time,758499693919952897,sugihartono_pro,sugihartono properti,,"rumah 2 lantai lubang buaya harga covid hanya 1,4m 
lt 98m2
lb 130m2
kt 3
km 2
2200 watt
akses 2 mobil 
bebas banjir 
____________________

dekat ke rs haji jakarta 
dekat tamini square , mall pondok gede
dekatâ€¦  https://www.instagram.com/p/cdjjyjvbgbe/?igshid=16xr157ftujloÂ â€¦",[],['https://www.instagram.com/p/CDjJYJVBGbE/?igshid=16xr157ftujlo'],[],0,0,0,[],[],https://twitter.com/sugihartono_pro/status/1291362156596924416,False,,0,,,,,,,"[{'user_id': '758499693919952897', 'username': 'sugihartono_pro'}]",,,,
52,1291360655899947015,1291325330641178631,1596719347000,2020-08-06,20:09:07,SE Asia Standard Time,1243436517462175745,ariefgka,gka arief,,"sudah diduga akan berkomentar spt itu.
korban covid19 di jakarta tinggi, dia bersyukur.
tingkat resesi tinggi, dibilang sdh diprediksi.
nanti tdk lama lagi akan banjir, dia akan bilang sdh menduga 
tapi, sang gibernur tdk melakukan apa2.",['chusnulsyantik'],[],[],0,0,0,[],[],https://twitter.com/AriefGka/status/1291360655899947015,False,,0,,,,,,,"[{'user_id': '1243436517462175745', 'username': 'AriefGka'}, {'user_id': '2928583759', 'username': 'ChusnulSyantik'}]",,,,
53,1291356464448188417,1290910838849564672,1596718348000,2020-08-06,19:52:28,SE Asia Standard Time,1135331462620647424,husnulkusdian,husnulli,,"bah jan ditanya lagi weh, dulu tetangga aku aja peliharaannya buaya, jakarta banjir yg hanyut sampah, bangka banjir yg hanyut buaya (â€¢ï¹â€¢) buka pintu langsung disambut buaya (~_~)
ğŸ˜ï¸ğŸƒğŸŠğŸŠğŸŠğŸŠğŸŠğŸŠ","['kelincigemoy', 'rockin_marvin']",[],[],1,0,5,[],[],https://twitter.com/husnulkusdian/status/1291356464448188417,False,,0,,,,,,,"[{'user_id': '1135331462620647424', 'username': 'husnulkusdian'}, {'user_id': '1639876585', 'username': 'kelincigemoy'}, {'user_id': '139740880', 'username': 'Rockin_Marvin'}]",,,,
54,1291352629453283328,1291352629453283328,1596717433000,2020-08-06,19:37:13,SE Asia Standard Time,1199692910385479681,rizukania,Rizka Kurnia Hardanti,,kendaraan ketika banjir di jakarta..  https://twitter.com/techinsider/status/1291296381852880898Â â€¦,[],['https://twitter.com/techinsider/status/1291296381852880898'],[],0,0,0,[],[],https://twitter.com/rizukania/status/1291352629453283328,False,https://twitter.com/techinsider/status/1291296381852880898,0,,,,,,,"[{'user_id': '1199692910385479681', 'username': 'rizukania'}]",,,,
56,1291347016992395267,1291347016992395267,1596716095000,2020-08-06,19:14:55,SE Asia Standard Time,839324889395806208,rumaindo_com,Rumaindo_com,,"dijual murah rumah baru di cluster dekat stasiun lenteng agung jagakarsa jakarta selatan

- one gate system
- security 24 jam
- aman, tenang dan bebas banjir
- unit progress pembangunan 90%
tgl 6 agustus 2020

rumahâ€¦  https://www.instagram.com/p/cdjcfimh6fd/?igshid=1pqbkdzvgwkv5Â â€¦",[],['https://www.instagram.com/p/CDjCfimH6Fd/?igshid=1pqbkdzvgwkv5'],[],0,0,0,[],[],https://twitter.com/rumaindo_com/status/1291347016992395267,False,,0,,,,,,,"[{'user_id': '839324889395806208', 'username': 'rumaindo_com'}]",,,,
57,1291345522121248770,1291345522121248770,1596715739000,2020-08-06,19:08:59,SE Asia Standard Time,1240486953314729984,nacikitdaniel,Daniel_Nacikit,,"pemprov dki ingin pinjam rp 5,3 triliun ke pemerintah pusat kendalikan banjir jakarta selama dua tahun mulai 2020 s/d 2021

gasss teruss jangan kendorr.
apapun masalahnya, anggaran solusinya.! kerja sunyi senyap anggaran lenyap

#stopegopolitikatasipandemi
 https://merahputih.com/post/read/anak-buah-anies-ingin-pinjam-rp-5-3-triliun-ke-pemerintah-pusat-kendalikan-banjir-jakartaÂ â€¦",[],['https://merahputih.com/post/read/anak-buah-anies-ingin-pinjam-rp-5-3-triliun-ke-pemerintah-pusat-kendalikan-banjir-jakarta'],[],0,0,2,['#stopegopolitikatasipandemi'],[],https://twitter.com/NacikitDaniel/status/1291345522121248770,False,,0,,,,,,,"[{'user_id': '1240486953314729984', 'username': 'NacikitDaniel'}]",,,,
58,1291342787216957441,1291342787216957441,1596715087000,2020-08-06,18:58:07,SE Asia Standard Time,759692754985242625,kumparan,kumparan,,anies akan menyiapkan alat ukur curuh hujan di kelurahan bahkan hingga rt rw di jakarta untuk mengantisipasi banjir. #kumparannews https://kumparan.com/kumparannews/anies-minta-alat-ukur-curah-hujan-ada-di-kelurahan-untuk-antisipasi-banjir-1twxvantpdq?utm_medium=post&utm_source=twitter&utm_campaign=intÂ â€¦,[],['https://kumparan.com/kumparannews/anies-minta-alat-ukur-curah-hujan-ada-di-kelurahan-untuk-antisipasi-banjir-1twxvAntpDq?utm_medium=post&utm_source=Twitter&utm_campaign=int'],[],0,0,4,['#kumparannews'],[],https://twitter.com/kumparan/status/1291342787216957441,False,,0,,,,,,,"[{'user_id': '759692754985242625', 'username': 'kumparan'}]",,,,
59,1291341824167038977,1291341824167038977,1596714857000,2020-08-06,18:54:17,SE Asia Standard Time,1027650470,ervik_as,ervik ari susanto,," https://news.detik.com/berita/d-5120926/pemprov-dki-usulkan-rp-17-t-untuk-pengendalian-banjirÂ â€¦

pemprov dki jakarta menerima dana pinjaman pt smi sebesar rp 12,5 triliun. penggunaan dana itu akan diprioritaskan untuk infrastruktur penanganan banjir.",[],['https://news.detik.com/berita/d-5120926/pemprov-dki-usulkan-rp-17-t-untuk-pengendalian-banjir'],[],0,0,0,[],[],https://twitter.com/Ervik_AS/status/1291341824167038977,False,,0,,,,,,,"[{'user_id': '1027650470', 'username': 'Ervik_AS'}]",,,,
60,1291336728385482753,1291336728385482753,1596713642000,2020-08-06,18:34:02,SE Asia Standard Time,18129942,tempodotco,TEMPO.CO,,dki siapkan rp 781 miliar buat pembebasan lahan program atasi banjir jakarta  https://metro.tempo.co/read/1373214/dki-siapkan-rp-781-miliar-buat-pembebasan-lahan-program-atasi-banjir-jakarta?utm_source=digital%20marketing&utm_medium=twitter&utm_campaign=dlvritÂ â€¦,[],['https://metro.tempo.co/read/1373214/dki-siapkan-rp-781-miliar-buat-pembebasan-lahan-program-atasi-banjir-jakarta?utm_source=Digital%20Marketing&utm_medium=Twitter&utm_campaign=dlvrit'],[],0,0,9,[],[],https://twitter.com/tempodotco/status/1291336728385482753,False,,0,,,,,,,"[{'user_id': '18129942', 'username': 'tempodotco'}]",,,,
61,1291333330013532160,1291333330013532160,1596712832000,2020-08-06,18:20:32,SE Asia Standard Time,759692754985242625,kumparan,kumparan,,anies juga meminta pengadaan sirine peringatan banjir jakarta disetop ke depan. #kumparannews https://kumparan.com/kumparannews/anies-setop-pengadaan-sirine-peringatan-banjir-1twx6axdy4i?utm_medium=post&utm_source=twitter&utm_campaign=intÂ â€¦,[],['https://kumparan.com/kumparannews/anies-setop-pengadaan-sirine-peringatan-banjir-1twx6AxdY4i?utm_medium=post&utm_source=Twitter&utm_campaign=int'],[],2,2,3,['#kumparannews'],[],https://twitter.com/kumparan/status/1291333330013532160,False,,0,,,,,,,"[{'user_id': '759692754985242625', 'username': 'kumparan'}]",,,,
62,1291327673399042049,1291327673399042049,1596711483000,2020-08-06,17:58:03,SE Asia Standard Time,1240106903016853504,chakrawalas,Chakrawala Indo New's,,"dinas sda dki jakarta ajukan anggaran pengendalian banjir rp5.2 triliun
 http://cakrawalaindo.news.blog/2020/08/06/dinas-sda-dki-jakarta-ajukan-anggaran-pengendalian-banjir-rp5-2-triliun/Â â€¦",[],['http://cakrawalaindo.news.blog/2020/08/06/dinas-sda-dki-jakarta-ajukan-anggaran-pengendalian-banjir-rp5-2-triliun/'],[],0,0,0,[],[],https://twitter.com/ChakrawalaS/status/1291327673399042049,False,,0,,,,,,,"[{'user_id': '1240106903016853504', 'username': 'ChakrawalaS'}]",,,,
63,1291325395506167809,1291325395506167809,1596710940000,2020-08-06,17:49:00,SE Asia Standard Time,3273958142,kominfotik_jt,Sudin Kominfotik Jakarta Timur,,"antisipasi banjir, wali kota minta sudin sda kuras waduk dan saluranâ£
â£
pemerintah kota administrasi jakarta timur serius melakukan pencegahan penanganan banjir. hini dibahas dalam kegiatan rapat koordinasi evaluasiâ€¦  https://www.instagram.com/p/cdi4ql5pckm/?igshid=hwsyfpmzpjn5Â â€¦",[],['https://www.instagram.com/p/CDi4qL5pcKM/?igshid=hwsyfpmzpjn5'],[],0,0,0,[],[],https://twitter.com/kominfotik_jt/status/1291325395506167809,False,,0,,,,,,,"[{'user_id': '3273958142', 'username': 'kominfotik_jt'}]",,,,
64,1291322263644454914,1291322263644454914,1596710193000,2020-08-06,17:36:33,SE Asia Standard Time,759692754985242625,kumparan,kumparan,,anies ingin early warning system mengantisipasi banjir jakarta sudah rampung dalam 2 minggu ke depan. #kumparannews https://kumparan.com/kumparannews/anies-susun-early-warning-system-banjir-bertindak-sebelum-air-rendam-rumah-1twwczvbt3d?utm_medium=post&utm_source=twitter&utm_campaign=intÂ â€¦,[],['https://kumparan.com/kumparannews/anies-susun-early-warning-system-banjir-bertindak-sebelum-air-rendam-rumah-1twwczvbT3D?utm_medium=post&utm_source=Twitter&utm_campaign=int'],[],0,0,4,['#kumparannews'],[],https://twitter.com/kumparan/status/1291322263644454914,False,,0,,,,,,,"[{'user_id': '759692754985242625', 'username': 'kumparan'}]",,,,
65,1291317611041419264,1291317611041419264,1596709084000,2020-08-06,17:18:04,SE Asia Standard Time,839324889395806208,rumaindo_com,Rumaindo_com,,"ğŸ dijual murah tanah kavling cluster di jln persahabatan jagakarsa jakarta selatan
â–â–â–â–â–
â¬›selling point :

- one gate system
- lokasi aman, tenang dan bebas banjir
- akses jalan 2 mobil
- row jalan 5 meter dalamâ€¦  https://www.instagram.com/p/cdiy4f3ns3j/?igshid=1uteu3wvxs4epÂ â€¦",[],['https://www.instagram.com/p/CDiy4f3ns3j/?igshid=1uteu3wvxs4ep'],[],0,0,0,[],[],https://twitter.com/rumaindo_com/status/1291317611041419264,False,,0,,,,,,,"[{'user_id': '839324889395806208', 'username': 'rumaindo_com'}]",,,,
66,1291312128268222464,1291312128268222464,1596707777000,2020-08-06,16:56:17,SE Asia Standard Time,902837643024539651,medcom_id,MedcomID,,5 kelurahan rawan banjir di jakarta dipasangi plang  https://medcom.id/s/4kzrljjkÂ ,[],['https://medcom.id/s/4KZRLjJK'],[],0,0,0,[],[],https://twitter.com/medcom_id/status/1291312128268222464,False,,0,,,,,,,"[{'user_id': '902837643024539651', 'username': 'medcom_id'}]",,,,
67,1291308379277844480,1291308379277844480,1596706883000,2020-08-06,16:41:23,SE Asia Standard Time,839324889395806208,rumaindo_com,Rumaindo_com,,"ğŸ dijual murah rumah baru siap huni di cluster kecapi jagakarsa jakarta selatan
â–â–â–â–â–â–
- one gate system
- lingkungan tenang, nyaman dan aman bebas banjir
- akses jalan bisa 2 mobil
- hanya 5 unit
â–â–â–â–â–â–
tersediaâ€¦  https://www.instagram.com/p/cdiw6_vhnnd/?igshid=1duf24tj8i11jÂ â€¦",[],['https://www.instagram.com/p/CDiw6_VHnnD/?igshid=1duf24tj8i11j'],[],0,0,0,[],[],https://twitter.com/rumaindo_com/status/1291308379277844480,False,,0,,,,,,,"[{'user_id': '839324889395806208', 'username': 'rumaindo_com'}]",,,,
68,1291306172058755072,1291227216047517696,1596706357000,2020-08-06,16:32:37,SE Asia Standard Time,1182445404329107456,222robinhood,Robinhood 222,,"kalau soal banjir itu cuma gorengan orang yg tidak suka saja  dan  faktanya jakarta cukup baik diberbagai hal dan sulit di bantah kalau objektif,  kecuali memandang secara subjektif","['mosan40235070', 'chusnulsyantik', 'aniesbaswedan']",[],[],1,0,0,[],[],https://twitter.com/222Robinhood/status/1291306172058755072,False,,0,,,,,,,"[{'user_id': '1182445404329107456', 'username': '222Robinhood'}, {'user_id': '1259851312310685697', 'username': 'Mosan40235070'}, {'user_id': '2928583759', 'username': 'ChusnulSyantik'}, {'user_id': '110312278', 'username': 'aniesbaswedan'}]",,,,
69,1291304316859342849,1291304316859342849,1596705915000,2020-08-06,16:25:15,SE Asia Standard Time,839324889395806208,rumaindo_com,Rumaindo_com,,"ğŸ dijual murah tanah kavling cluster di jln persahabatan jagakarsa jakarta selatan
â–â–â–â–â–
â¬›selling point :

- one gate system
- lokasi aman, tenang dan bebas banjir
- akses jalan 2 mobil
- row jalan 5 meter dalamâ€¦  https://www.instagram.com/p/cdivexhnafq/?igshid=v1bemwlvn4zyÂ â€¦",[],['https://www.instagram.com/p/CDivExhnAfQ/?igshid=v1bemwlvn4zy'],[],0,0,0,[],[],https://twitter.com/rumaindo_com/status/1291304316859342849,False,,0,,,,,,,"[{'user_id': '839324889395806208', 'username': 'rumaindo_com'}]",,,,
70,1291300221574471680,1291012213033955328,1596704938000,2020-08-06,16:08:58,SE Asia Standard Time,913165750289887232,salmantatang,TATANG SALMAN,,"prett, ngaku ngaku sendiri, yg nilai harus orang lain, covid19 saja tercemar paling tinggi se asia tenggara, banjir di era btp sdh mulai reda di jakarta, giliran kamu, banjir di jakarta merajalela lagi, prettt","['aniesbaswedan', 'bpsdkijakarta', 'dkijakarta', 'dprddkijakarta']",[],[],1,0,0,[],[],https://twitter.com/SalmanTatang/status/1291300221574471680,False,,0,,,,,,,"[{'user_id': '913165750289887232', 'username': 'SalmanTatang'}, {'user_id': '110312278', 'username': 'aniesbaswedan'}, {'user_id': '981376563718643714', 'username': 'bpsdkijakarta'}, {'user_id': '166014938', 'username': 'DKIJakarta'}, {'user_id': '4677002173', 'username': 'dprddkijakarta'}]",,,,
71,1291293705467392001,1291293705467392001,1596703385000,2020-08-06,15:43:05,SE Asia Standard Time,759692754985242625,kumparan,kumparan,,pemprov dki melalui dinas sumber daya air akan membangun sumur resapan untuk mencegah banjir di jakarta. #kumparannews https://kumparan.com/kumparannews/cegah-banjir-pemprov-dki-beri-modal-ke-rw-untuk-bangun-sumur-resapan-1twuw6qriqz?utm_medium=post&utm_source=twitter&utm_campaign=intÂ â€¦,[],['https://kumparan.com/kumparannews/cegah-banjir-pemprov-dki-beri-modal-ke-rw-untuk-bangun-sumur-resapan-1twuW6qRIQz?utm_medium=post&utm_source=Twitter&utm_campaign=int'],[],1,1,1,['#kumparannews'],[],https://twitter.com/kumparan/status/1291293705467392001,False,,0,,,,,,,"[{'user_id': '759692754985242625', 'username': 'kumparan'}]",,,,
72,1291282671755243520,1291282671755243520,1596700754000,2020-08-06,14:59:14,SE Asia Standard Time,703568824394600448,dkl_jakarta,Beteng Santoso,,"#waspada banjir jakarta: p.a. marina ancol tinggi air 213 cm status siaga 2, update 5 agustus 2020 21:50 wib -  http://tirto.idÂ  #dkijakarta",[],['http://tirto.id'],[],0,0,0,"['#waspada', '#dkijakarta']",[],https://twitter.com/DKl_Jakarta/status/1291282671755243520,False,,0,,,,,,,"[{'user_id': '703568824394600448', 'username': 'DKl_Jakarta'}]",,,,
73,1291282670295683072,1291282670295683072,1596700754000,2020-08-06,14:59:14,SE Asia Standard Time,703568824394600448,dkl_jakarta,Beteng Santoso,,"#waspada banjir jakarta: pompa pasar ikan tinggi air 218 cm status siaga 2, update 5 agustus 2020 21:50 wib -  http://tirto.idÂ  #dkijakarta",[],['http://tirto.id'],[],0,0,0,"['#waspada', '#dkijakarta']",[],https://twitter.com/DKl_Jakarta/status/1291282670295683072,False,,0,,,,,,,"[{'user_id': '703568824394600448', 'username': 'DKl_Jakarta'}]",,,,
74,1291279484864225280,1291279484864225280,1596699994000,2020-08-06,14:46:34,SE Asia Standard Time,4064213172,jhnjmna,ğ’©ğ’¶ğ“ âš˜ // Xiaojun Day ğŸ¦•ğŸ’š,,"gua msh liat exol yg toxic ke nct. pliss y nct ga cuma numpang tenar ke kaibaek, gua jg exol tp pemikiran w ga sedangkal ky pemikiran lu.. banjir jakarta ama seoul aja msh lbh dlm drpd otak lu anjir. kalo gasuka mndng lu keluar fandom aja, exo gabutuh fans goblop macam kau njink  pic.twitter.com/6d4j7w3gye",[],[],"['https://pbs.twimg.com/media/EeuL1q3UMAEdAIi.jpg', 'https://pbs.twimg.com/media/EeuL10OUYAAyokv.jpg', 'https://pbs.twimg.com/media/EeuL1-gU4AIye74.jpg', 'https://pbs.twimg.com/media/EeuL2IrU8AEvFMU.jpg']",0,0,2,[],[],https://twitter.com/jhnjmna/status/1291279484864225280,False,,0,,,,,,,"[{'user_id': '4064213172', 'username': 'jhnjmna'}]",,,,
75,1291274594406424576,1291274594406424576,1596698828000,2020-08-06,14:27:08,SE Asia Standard Time,155439043,real__holi,hÃ¸lÄ«,,ternyata banjir di seoul sama aja kek banjir di jakarta  https://twitter.com/k_dramaindo/status/1290254864149143552Â â€¦,[],['https://twitter.com/k_dramaindo/status/1290254864149143552'],[],0,0,0,[],[],https://twitter.com/real__holi/status/1291274594406424576,False,https://twitter.com/K_DramaIndo/status/1290254864149143552,0,,,,,,,"[{'user_id': '155439043', 'username': 'real__holi'}]",,,,
76,1291264348556386304,1291161112302571526,1596696385000,2020-08-06,13:46:25,SE Asia Standard Time,1087013050941505537,iqbalkartawija1,Iqbal Kartawijaya,,awal januari dan februari banjir di jakarta ğŸ˜­,"['sav_riz', 'raif_mudzaki', 'onecak']",[],[],1,0,0,[],[],https://twitter.com/IqbalKartawija1/status/1291264348556386304,False,,0,,,,,,,"[{'user_id': '1087013050941505537', 'username': 'IqbalKartawija1'}, {'user_id': '1158178388231639040', 'username': 'Sav_riz'}, {'user_id': '949208297399205888', 'username': 'Raif_mudzaki'}, {'user_id': '491057617', 'username': 'onecak'}]",,,,
77,1291263157533433857,1290229798258663425,1596696101000,2020-08-06,13:41:41,SE Asia Standard Time,1194634667699212291,iriandi19,Iriandi,,jakarta nya mana bang???abang tinggal di jakarta dari tahun berpa???udh liat bundaran hi bang???zaman ahok ama anies yang banjir zaman siapa??,"['poisedon_1991', 'jenderalad', 'plastikinsan', 'dennysiregar7']",[],[],0,0,0,[],[],https://twitter.com/Iriandi19/status/1291263157533433857,False,,0,,,,,,,"[{'user_id': '1194634667699212291', 'username': 'Iriandi19'}, {'user_id': '268172922', 'username': 'poisedon_1991'}, {'user_id': '558397223', 'username': 'JenderalAD'}, {'user_id': '797665854259220480', 'username': 'PlastikInsan'}, {'user_id': '4780649298', 'username': 'Dennysiregar7'}]",,,,
78,1291260628846252034,1290229798258663425,1596695499000,2020-08-06,13:31:39,SE Asia Standard Time,268172922,poisedon_1991,suryadi xu,,banjir mmg sudah dr zaman gubernur dlu2...tpi sejak zaman ahok..gk sampai 1 hari banjir udh surut..sdgkan sama gubernur skrg..banjir bs lama bener surutnya...bukannya benci..tp saya bicara fakta krn saya tinggal di jakarta,"['jenderalad', 'iriandi19', 'plastikinsan', 'dennysiregar7']",[],[],2,0,0,[],[],https://twitter.com/poisedon_1991/status/1291260628846252034,False,,0,,,,,,,"[{'user_id': '268172922', 'username': 'poisedon_1991'}, {'user_id': '558397223', 'username': 'JenderalAD'}, {'user_id': '1194634667699212291', 'username': 'Iriandi19'}, {'user_id': '797665854259220480', 'username': 'PlastikInsan'}, {'user_id': '4780649298', 'username': 'Dennysiregar7'}]",,,,
79,1291254373087993856,1291254373087993856,1596694007000,2020-08-06,13:06:47,SE Asia Standard Time,1191371692049719296,nenggalasurya,Surya Nenggala,,"rabu 5 agustus 2020 tepatnya di lampu merah mambo tanjung priuk jakarta utara. organisasi maluku utara bersatu ( mub ) melakukan kegiatan sosial yaitu penggalangan dana untuk korban banjir di kepulauan sula.
simak berita selengkapnya di  https://bit.ly/2dp9w3uÂ ",[],['https://bit.ly/2Dp9W3U'],[],0,0,0,[],[],https://twitter.com/NenggalaSurya/status/1291254373087993856,False,,0,,,,,,,"[{'user_id': '1191371692049719296', 'username': 'NenggalaSurya'}]",,,,
81,1291236062635778048,1291236062635778048,1596689641000,2020-08-06,11:54:01,SE Asia Standard Time,454638631,kompasproperti,KompasProperti,,lima kelurahan rawan banjir di jakarta dipasangi plang peringatan  http://kmp.im/agass3Â ,[],['http://kmp.im/AGASS3'],[],0,0,0,[],[],https://twitter.com/KompasProperti/status/1291236062635778048,False,,0,,,,,,,"[{'user_id': '454638631', 'username': 'KompasProperti'}]",,,,
82,1291211077775024128,1291029422850547716,1596683685000,2020-08-06,10:14:45,SE Asia Standard Time,1290983743138627584,thethe_jnd10,Dede Yuanda 2008,,"apa yang menyebabkan jakarta banjir??

-

air !:v",['jek___'],[],[],0,0,0,[],[],https://twitter.com/Thethe_JND10/status/1291211077775024128,False,,0,,,,,,,"[{'user_id': '1290983743138627584', 'username': 'Thethe_JND10'}, {'user_id': '385996689', 'username': 'jek___'}]",,,,
83,1291203103417483264,1291203103417483264,1596681783000,2020-08-06,09:43:03,SE Asia Standard Time,56630147,rofiqi,X Ã† A-VIII,,cocok buat persiapan banjir jakarta 2021. apalagi dengan proyek-proyek pencegahan banjir yang makin mandeg gara-gara pandemi.  https://twitter.com/tesla__mania/status/1290941390055075840Â â€¦,[],['https://twitter.com/tesla__mania/status/1290941390055075840'],[],2,0,0,[],[],https://twitter.com/rofiqi/status/1291203103417483264,False,https://twitter.com/Tesla__Mania/status/1290941390055075840,0,,,,,,,"[{'user_id': '56630147', 'username': 'rofiqi'}]",,,,
84,1291198898774478848,1291198898774478848,1596680781000,2020-08-06,09:26:21,SE Asia Standard Time,22126902,republikaonline,Republika.co.id,,tanggul laut raksasa diyakini bisa mengatasi banjir rob yang terjadi di utara jakarta  http://republika.co.id/berita//qemerx330/tangani-banjir-penataan-ruang-jabodetabek-punjur-dilakukanÂ â€¦,[],['http://republika.co.id/berita//qemerx330/tangani-banjir-penataan-ruang-jabodetabek-punjur-dilakukan'],[],0,1,5,[],[],https://twitter.com/republikaonline/status/1291198898774478848,False,,0,,,,,,,"[{'user_id': '22126902', 'username': 'republikaonline'}]",,,,
85,1291084069023780864,1291084069023780864,1596653403000,2020-08-06,01:50:03,SE Asia Standard Time,555705074,santoignatius1,GWYN,,"jakarta banjir karena tanggul yang bocor, tuhan maafin jakarta ya.",[],[],[],1,0,0,[],[],https://twitter.com/santoignatius1/status/1291084069023780864,False,,0,,,,,,,"[{'user_id': '555705074', 'username': 'santoignatius1'}]",,,,
86,1291080477701357568,1291079042074959872,1596652547000,2020-08-06,01:35:47,SE Asia Standard Time,1162749047561547776,mangosteen1423,Luke,,"bukannya mending yg deket tempat kerja ya nder? aku di kalibata, jaksel sih. waktu kemaren jakarta diserang banjir besar di sekitar tempatku aman, hehe",['rlthingy'],[],[],0,0,0,[],[],https://twitter.com/mangosteen1423/status/1291080477701357568,False,,0,,,,,,,"[{'user_id': '1162749047561547776', 'username': 'mangosteen1423'}, {'user_id': '1562201468', 'username': 'rlthingy'}]",,,,
87,1291030303801143304,1291029455851278339,1596640585000,2020-08-05,22:16:25,SE Asia Standard Time,1127555856906604545,aardbeiensap,mimirğŸ’¤,,"- banyak peringatan soal jangan ke areal/ dekat gedung tertentu supaya menghindari reruntuhan atau potensi kerusakan gedung yang membahayakan.

aku pribadi bacanya kayak re-living moment banjir besar di jakarta tahun baru kemarin...",[],[],[],1,0,0,[],[],https://twitter.com/aardbeiensap/status/1291030303801143304,False,,0,,,,,,,"[{'user_id': '1127555856906604545', 'username': 'aardbeiensap'}]",,,,
88,1291017863482892289,1291014944129871872,1596637619000,2020-08-05,21:26:59,SE Asia Standard Time,1289553854539808768,yourjulliete,j u d e s,,ada yg banjir tapi bukan jakarta,['marllborc'],[],[],1,0,0,[],[],https://twitter.com/yourjulliete/status/1291017863482892289,False,,0,,,,,,,"[{'user_id': '1289553854539808768', 'username': 'yourjulliete'}, {'user_id': '1120930441173684224', 'username': 'marllborc'}]",,,,
89,1291011175488974849,1291011175488974849,1596636024000,2020-08-05,21:00:24,SE Asia Standard Time,2925535183,rudigunawanx,Rudi Gunawan,,"masih inget saya tanggal 1 januari itu banjir di jakarta, sampai banyak mobil yang kebawa banjir.

udah jadi firasat buruk di awal tahun, dan terbukti corona masuk indo tanggal 2 maret.",[],[],[],2,0,0,[],[],https://twitter.com/rudigunawanx/status/1291011175488974849,False,,0,,,,,,,"[{'user_id': '2925535183', 'username': 'rudigunawanx'}]",,,,
90,1290992878345314305,1290938258394816512,1596631662000,2020-08-05,19:47:42,SE Asia Standard Time,1163744633311993856,hoktober10,#NewNormal * Laa Hawla wa Laa Quwwata Illa Billah,,jakarta bebas banjir dan macet mana?,['maspiyuo'],[],[],0,0,0,[],[],https://twitter.com/HOktober10/status/1290992878345314305,False,,0,,,,,,,"[{'user_id': '1163744633311993856', 'username': 'HOktober10'}, {'user_id': '1280689343938433024', 'username': 'MaspiyuO'}]",,,,
91,1290983622925672449,1290983622925672449,1596629455000,2020-08-05,19:10:55,SE Asia Standard Time,150974840,bakraniskandar,Bakran Iskandar Ofcl,,agak mengejutkan. ternyata sebab utama dari banjir di jakarta adalah doa para single.  â€“ jomblo mulia  pic.twitter.com/uzvst0gclb,[],[],['https://pbs.twimg.com/media/BpnC7GeCEAIHbHf.jpg'],0,0,0,[],[],https://twitter.com/bakraniskANDAr/status/1290983622925672449,False,,0,,,,,,,"[{'user_id': '150974840', 'username': 'bakraniskANDAr'}]",,,,
92,1290962025049276416,1290960374796148736,1596624306000,2020-08-05,17:45:06,SE Asia Standard Time,743804068951265280,dukun_palsu,anakmamah,,"ngatasin macet dan banjir jakarta ga susahsusah amat kok pak, coba tunjuk jokowi jadi gubernur dki",['tempodotco'],[],[],0,0,0,[],[],https://twitter.com/dukun_palsu/status/1290962025049276416,False,,0,,,,,,,"[{'user_id': '743804068951265280', 'username': 'dukun_palsu'}, {'user_id': '18129942', 'username': 'tempodotco'}]",,,,
